{
  "dependencies": [
    {
      "name": "@types/aws-lambda",
      "type": "build"
    },
    {
      "name": "@types/jest",
      "type": "build"
    },
    {
      "name": "@types/node",
      "version": "^14",
      "type": "build"
    },
    {
      "name": "@types/uuid",
      "type": "build"
    },
    {
      "name": "@typescript-eslint/eslint-plugin",
      "version": "^5",
      "type": "build"
    },
    {
      "name": "@typescript-eslint/parser",
      "version": "^5",
      "type": "build"
    },
    {
      "name": "aws-cdk",
      "version": "^2.1.0",
      "type": "build"
    },
    {
      "name": "esbuild",
      "type": "build"
    },
    {
      "name": "eslint-config-prettier",
      "type": "build"
    },
    {
      "name": "eslint-import-resolver-node",
      "type": "build"
    },
    {
      "name": "eslint-import-resolver-typescript",
      "type": "build"
    },
    {
      "name": "eslint-plugin-import",
      "type": "build"
    },
    {
      "name": "eslint",
      "version": "^8",
      "type": "build"
    },
    {
      "name": "jest",
      "type": "build"
    },
    {
      "name": "jest-junit",
      "version": "^13",
      "type": "build"
    },
    {
      "name": "npm-check-updates",
      "version": "^16",
      "type": "build"
    },
    {
      "name": "projen",
      "type": "build"
    },
    {
      "name": "ts-jest",
      "type": "build"
    },
    {
      "name": "ts-node",
      "type": "build"
    },
    {
      "name": "typescript",
      "type": "build"
    },
    {
      "name": "@aws-cdk/aws-iam",
      "type": "runtime"
    },
    {
      "name": "@aws-cdk/aws-lambda",
      "type": "runtime"
    },
    {
      "name": "@aws-cdk/aws-lambda-nodejs",
      "type": "runtime"
    },
    {
      "name": "@aws-sdk/client-dynamodb",
      "type": "runtime"
    },
    {
      "name": "@aws-sdk/util-dynamodb",
      "type": "runtime"
    },
    {
      "name": "@trpc/client",
      "type": "runtime"
    },
    {
      "name": "@trpc/server",
      "type": "runtime"
    },
    {
      "name": "aws-cdk-lib",
      "version": "^2.1.0",
      "type": "runtime"
    },
    {
      "name": "constructs",
      "version": "^10.0.5",
      "type": "runtime"
    },
    {
      "name": "deployable-awscdk-app-ts",
      "type": "runtime"
    },
    {
      "name": "uuid",
      "type": "runtime"
    },
    {
      "name": "zod",
      "type": "runtime"
    }
  ],
  "//": "~~ Generated by projen. To modify, edit .projenrc.js and run \"npx projen\"."
}
